<?xml version="1.0" encoding="UTF-8"?>
<!DOCTYPE properties SYSTEM "http://java.sun.com/dtd/properties.dtd">

<properties>
	<comment>SWModule sign with JKS.</comment>
	<!-- Certificates -->
	<entry key="check_certificate_validity_period">false</entry>
	<entry key="disallow_self_signed_certificate">false</entry>

	<!-- signing Algorithm SHA_512(default),SHA_384,SHA_256 -->
	<!-- http://www.w3.org/2001/04/xmldsig-more#rsa-sha256 -->
	<!-- http://www.w3.org/2001/04/xmldsig-more#rsa-sha384 -->
	<!-- http://www.w3.org/2001/04/xmldsig-more#rsa-sha512 -->

	<entry key="signature.algorithm">http://www.w3.org/2001/04/xmldsig-more#rsa-sha512</entry>

	<!-- List of incoming Signature algorithms white list separated by ; (default all)
         http://www.w3.org/2001/04/xmldsig-more#rsa-sha256;
         http://www.w3.org/2001/04/xmldsig-more#rsa-sha384;
         http://www.w3.org/2001/04/xmldsig-more#rsa-sha512;
         http://www.w3.org/2001/04/xmldsig-more#rsa-ripemd160;
         http://www.w3.org/2001/04/xmldsig-more#ecdsa-sha256;
         http://www.w3.org/2001/04/xmldsig-more#ecdsa-sha384;
         http://www.w3.org/2001/04/xmldsig-more#ecdsa-sha512 -->

	<entry key="signature.algorithm.whitelist">
		http://www.w3.org/2001/04/xmldsig-more#rsa-sha256;
		http://www.w3.org/2001/04/xmldsig-more#rsa-sha384;
		http://www.w3.org/2001/04/xmldsig-more#rsa-sha512;
		http://www.w3.org/2001/04/xmldsig-more#rsa-ripemd160;
		http://www.w3.org/2001/04/xmldsig-more#ecdsa-sha256;
		http://www.w3.org/2001/04/xmldsig-more#ecdsa-sha384;
		http://www.w3.org/2001/04/xmldsig-more#ecdsa-sha512;
		http://www.w3.org/2007/05/xmldsig-more#sha256-rsa-MGF1
	</entry>
	<!-- signing response assertion true/false (default false) -->
	<entry key="response.sign.assertions">false</entry>
	<entry key="keyStorePath">DEMO-SP.jks</entry>
	<entry key="keyStorePassword">local-demo</entry>
	<entry key="keyPassword">local-demo</entry>
	<entry key="issuer">CN=DEMO-SP, OU=OU, O=COMPANY, L=ATHENS, ST=ATTICA, C=GR</entry>
	<entry key="serialNumber">c76aa7f753ed6012</entry>
	<entry key="keyStoreType">JKS</entry>
	<!-- Metadata signature configuration -->
	<entry key="metadata.keyStorePath">DEMO-SP_METADATA.jks</entry>
	<entry key="metadata.keyStorePassword">local-demo</entry>
	<entry key="metadata.keyPassword">local-demo</entry>
	<entry key="metadata.issuer">CN=GR-TA, OU=ELECTRONIC DATA PROCESSING DIRECTORATE, O=HELLENIC MINISTRY OF ADMINISTRATION REFORM AND E_GOVERNANCE, L=ATHENS, ST=ATTICA, C=GR</entry>
	<entry key="metadata.serialNumber">aec470cc6d78f176</entry>
	<entry key="metadata.keyStoreType">JKS</entry>

</properties>
